Date,Return
08/19/2014,10.709158373764327
08/18/2014,-0.00800872922490672
08/15/2014,-0.014909911280304942
08/14/2014,0.002040089702735075
08/13/2014,0.00022621494111705633
08/12/2014,-0.02096447505923604
08/11/2014,0.009151752267003176
08/08/2014,0.0015672501266902827
08/07/2014,-0.009511780864465537
08/06/2014,0.005350132226136202
08/05/2014,-0.002302446861905791
08/04/2014,0.014299194299722174
08/01/2014,-0.012352880830157975
07/31/2014,0.009769170340578842
07/30/2014,0.027676672956724484
07/29/2014,-0.0030812856807615713
07/28/2014,0.008521100329473383
07/25/2014,-0.002675260387441137
07/24/2014,0.007351143070838646
07/23/2014,0.004432465089552041
07/22/2014,-0.002080552051473461
07/21/2014,-0.008861088811692466
07/18/2014,0.009517067581651729
07/17/2014,-0.03587756314124124
07/16/2014,0.015564863016084717
07/15/2014,0.003638487909387967
07/14/2014,0.00015384861130090204
07/11/2014,-0.00972858317747872
07/10/2014,-0.013950835836940432
07/09/2014,0.008720022151257532
07/08/2014,-0.00866195765437036
07/07/2014,0.019541598427366802
07/03/2014,0.004259331416111772
07/02/2014,-0.004095882067513588
07/01/2014,0.0005752058007033472
06/30/2014,-0.012682967580093575
06/27/2014,0.0034070663349761885
06/26/2014,-0.002148202387102835
06/25/2014,0.0046007240404843065
06/24/2014,-0.024246075011770507
06/23/2014,0.0005844736224963093
06/20/2014,-0.015204969973240957
06/19/2014,-0.0026241830119632333
06/18/2014,-0.002757266391458649
06/17/2014,-0.01872159595157023
06/16/2014,0.0023388468623826595
06/13/2014,0.01374283972921071
06/12/2014,-0.0007430715544763545
06/11/2014,0.013584817926889932
06/10/2014,0.003059917603009656
06/09/2014,0.0028008812184235495
06/06/2014,-0.010300332159596519
06/05/2014,-0.004367898670123072
06/04/2014,-0.0166817499770841
06/03/2014,0.0005140872244769167
06/02/2014,0.016497243268481714
05/30/2014,0.010759562093061366
05/29/2014,0.000339306170346879
05/28/2014,0.0028567753908925624
05/27/2014,0.007602178300838386
05/23/2014,-0.023412002321926032
05/22/2014,-0.01382304786134385
05/21/2014,-0.011228060012109584
05/20/2014,-0.01701489044846365
05/19/2014,-0.0017177696857747955
05/16/2014,-0.015561758862146162
05/15/2014,-0.001248554733522299
05/14/2014,0.012827528344982894
05/13/2014,0.01222822653663265
05/12/2014,-0.005946454648352191
05/09/2014,-0.021116396343799058
05/08/2014,-0.014901830640510979
05/07/2014,-0.002035200181178124
05/06/2014,0.010157630841906929
05/05/2014,0.024595264768865005
05/02/2014,0.00022738950774758726
05/01/2014,0.006478147446037391
04/30/2014,-0.008826621825869772
04/29/2014,0.001974741359354528
04/28/2014,-0.01999242527620812
04/25/2014,-0.0018756696805476809
04/24/2014,0.017396974083298357
04/23/2014,0.003389481283143696
04/22/2014,0.014935283504264355
04/21/2014,-0.011574172009933976
04/17/2014,0.014149959975022813
04/16/2014,0.0381272122639258
04/15/2014,-0.03611592351196764
04/14/2014,-0.0073074978384821
04/11/2014,-0.0036054821897516737
04/10/2014,0.019506208709289107
04/09/2014,0.042869063128883216
04/08/2014,-0.016378948698954413
04/07/2014,-0.03018555358991495
04/04/2014,0.009272472780464275
04/03/2014,0.04897446426854562
04/02/2014,-0.0048091842517416815
04/01/2014,0.0002821574492534995
03/31/2014,-0.01796672727468732
03/28/2014,0.0054222820403757935
03/27/2014,-0.002732204132031737
03/26/2014,0.012459184572968799
03/25/2014,0.02363140190066582
03/24/2014,-0.0006818384999489851
03/21/2014,0.02168525115104359
03/20/2014,0.011935343015371351
03/19/2014,0.0017458656384314228
03/18/2014,0.01001454001204687
03/17/2014,-0.015818179871458424
03/14/2014,-0.01618989603765323
03/13/2014,0.013864202777114738
03/12/2014,0.015339836981823365
03/11/2014,-0.006054843274750557
03/10/2014,0.009650069463688578
03/07/2014,0.002657734517790174
03/06/2014,0.003967764774842837
03/05/2014,-0.0011069213615296518
03/04/2014,-0.0027498506131682574
03/03/2014,-0.010058316550538553
02/28/2014,0.010775858208817926
02/27/2014,0.0029285126088727555
02/26/2014,0.0007872993439880015
02/25/2014,-0.00013928017616674453
02/24/2014,-0.006139348941820821
02/21/2014,-0.007191644070365842
02/20/2014,0.00026575983998719505
02/19/2014,-0.001469893246117172
02/18/2014,0.0071027715782418345
02/14/2014,-0.006672814843603396
02/13/2014,-0.0024110326426566345
02/12/2014,-0.011009330673537062
02/11/2014,0.002941024864994615
02/10/2014,-0.01449367738620433
02/07/2014,0.003845076866794701
02/06/2014,-0.014845724082315137
02/05/2014,-0.014448750452257728
02/04/2014,-0.004408730132447933
02/03/2014,-0.004155780617959929
01/31/2014,0.04194343733374118
01/30/2014,-0.038595389803067474
01/29/2014,-0.025075050319430737
01/28/2014,0.01453582024908415
01/27/2014,-0.01939436239223595
01/24/2014,0.02052252656754205
01/23/2014,0.03227364008905665
01/22/2014,0.004241000299262316
01/21/2014,-0.001133021216837674
01/17/2014,-0.011317375511029466
01/16/2014,0.004945502054660642
01/15/2014,-0.006573068784194309
01/14/2014,0.0006790860922790147
01/13/2014,-0.022985964116650017
01/10/2014,0.006411494898295954
01/09/2014,5.312417385399415e-05
01/08/2014,0.009723611041203636
01/07/2014,-0.002076757171132107
01/06/2014,-0.018913569871598427
01/03/2014,-0.01102643291667078
01/02/2014,0.007348456120671386
12/31/2013,0.006818662046065466
12/30/2013,-0.010038296402671858
12/27/2013,0.008057975622659747
12/26/2013,-0.0008405163357431458
12/24/2013,-0.005029251005553768
12/23/2013,0.0029320560024762425
12/20/2013,-0.01298536009769126
12/19/2013,-0.013083502865431331
12/18/2013,-0.0013533999161544307
12/17/2013,-0.01372662303692573
12/16/2013,0.002916315794244335
12/13/2013,-0.011360929873616088
12/12/2013,0.008644486854241455
12/11/2013,0.006850708700926601
12/10/2013,0.006841287255465147
12/09/2013,-0.0060110562015781265
12/06/2013,-0.007670633831107206
12/05/2013,-0.011711764637801778
12/04/2013,0.0007944935341818938
12/03/2013,-0.004649476021330584
12/02/2013,0.0011583167063867242
11/29/2013,0.004845897323743055
11/27/2013,0.0033221384903631104
11/26/2013,-0.004421035507196501
11/25/2013,-0.011791226478271199
11/22/2013,-0.013423555379763698
11/21/2013,0.0021126420412833327
11/20/2013,-0.011372516784230862
11/19/2013,0.002826935264784224
11/18/2013,0.006193859491412936
11/15/2013,0.0019485906970018593
11/14/2013,0.0016157101571393525
11/13/2013,-0.0026660168359328904
11/12/2013,-0.020039317213746372
11/11/2013,-0.0011761358734389976
11/08/2013,0.005382985330224273
11/07/2013,-0.00795255854372944
11/06/2013,0.014683286189502308
11/05/2013,-0.0012026347328240618
11/04/2013,0.004493319363361861
11/01/2013,0.0009063214031688501
10/31/2013,0.0034468126190734393
10/30/2013,-0.0001552733278345825
10/29/2013,0.00564813594371699
10/28/2013,-0.02049714505755951
10/25/2013,0.00019707141782254945
10/24/2013,0.01019502349249873
10/23/2013,0.005714024821825533
10/22/2013,-0.02366663062823149
10/21/2013,-0.0036743157434271896
10/18/2013,0.008083321227336486
10/17/2013,-0.12123669404679092
10/16/2013,0.010396166974848714
10/15/2013,-0.017839010798990744
10/14/2013,-0.006689291422424154
10/11/2013,-0.0047026068245907045
10/10/2013,-0.00430046655573196
10/09/2013,-0.014258767239109196
10/08/2013,-0.002558832140561045
10/07/2013,0.014138996807431399
10/04/2013,0.007635026441771082
10/03/2013,0.004287318155005172
10/02/2013,0.013583039893683166
10/01/2013,-0.0011148360841641061
09/30/2013,-0.012502813572499947
09/27/2013,0.0005480045739624801
09/26/2013,0.002031014815838623
09/25/2013,-0.0010703752491002924
09/24/2013,0.010954916853984852
09/23/2013,-0.0003834007178639254
09/20/2013,0.018736606001954183
09/19/2013,-0.005226337019708531
09/18/2013,0.005487559340726001
09/17/2013,-0.01905196096419624
09/16/2013,0.0018620956566862868
09/13/2013,0.0014756313082125467
09/12/2013,0.0044878323828069335
09/11/2013,0.003504773994885672
09/10/2013,-0.008391037326171118
09/09/2013,-0.0006976608839867064
09/06/2013,-0.009537801733934457
09/05/2013,-2.270619863493788e-05
09/04/2013,-0.009015874321723578
09/03/2013,-0.01290687497004066
08/30/2013,-0.015667453468377952
08/29/2013,0.010071980863853988
08/28/2013,-0.008042740459180646
08/27/2013,0.001885604528904903
08/26/2013,0.019102470959428828
08/23/2013,0.0044091596016386375
08/22/2013,0.004021956003561183
08/21/2013,-0.0050131076003377
08/20/2013,-0.004497702252144939
08/19/2013,0.0002657500001208158
08/16/2013,-0.010096429909124191
08/15/2013,0.0032092221618942964
08/14/2013,0.011806951921449798
08/13/2013,0.013152294493640642
08/12/2013,0.00483409772574617
08/09/2013,0.005533478489667491
08/08/2013,0.002526970727641756
08/07/2013,-0.0022517067280641294
08/06/2013,0.0066468263746599235
08/05/2013,0.009402475111024008
08/02/2013,0.0017348196604544657
08/01/2013,-0.002592145797945157
07/31/2013,-0.01821460578024845
07/30/2013,0.0035708018290058997
07/29/2013,-0.009709038475236322
07/26/2013,0.003490973921058443
07/25/2013,0.0026543442117955597
07/24/2013,0.017122843647121445
07/23/2013,0.0009968187100658063
07/22/2013,0.007634402803383546
07/19/2013,-0.015482545420856164
07/18/2013,0.01570374913660825
07/17/2013,0.008641923248374326
07/16/2013,0.0011539786392171512
07/15/2013,0.005524087537848578
07/12/2013,-0.0018276691684785587
07/11/2013,-0.0029902497626076606
07/10/2013,-0.015485081536969316
07/09/2013,-0.0008278148274606028
07/08/2013,-0.00016574126961797515
07/05/2013,-0.012816359494703835
07/03/2013,-0.007901591190533993
07/02/2013,-0.0046478579422138955
07/01/2013,0.0063129679394000535
06/28/2013,-0.008458394737412559
06/27/2013,-0.003748402503938208
06/26/2013,-0.0038993452448373806
06/25/2013,-0.008527442118495888
06/24/2013,0.004144546611497934
06/21/2013,0.012807675082912492
06/20/2013,0.004324978944526507
06/19/2013,0.01801661148930526
06/18/2013,-6.665838495488818e-05
06/17/2013,-0.015955614315348688
06/14/2013,-0.012648816051912731
06/13/2013,0.002239845722904167
06/12/2013,-0.005724021111819186
06/11/2013,0.008979587535398265
06/10/2013,0.011832063091454195
06/07/2013,-0.011783578893694547
06/06/2013,-0.01715303654444593
06/05/2013,-0.005713310397184589
06/04/2013,-0.000697939255811305
06/03/2013,0.009929019772168679
05/31/2013,0.004137715596794133
05/30/2013,-0.0005280305419707543
05/29/2013,-0.0028136402347457338
05/28/2013,0.014925564604377542
05/24/2013,-0.009021113170508872
05/23/2013,0.010843739614722674
05/22/2013,0.0075102615672764765
05/21/2013,0.019731926625725933
05/20/2013,0.0017200412680994706
05/17/2013,0.0007154527016993365
05/16/2013,-0.005840416082162819
05/15/2013,0.013298353778429398
05/14/2013,-0.03143390975710666
05/13/2013,-0.010787935923183401
05/10/2013,0.0030767752141567426
05/09/2013,-0.009940606865953818
05/08/2013,0.0024671321177900446
05/07/2013,-0.018772302998558477
05/06/2013,0.005039518466881425
05/03/2013,-0.018373845923519566
05/02/2013,-0.019048886136023912
05/01/2013,-0.011065405600668099
04/30/2013,0.005046098542224809
04/29/2013,-0.006682291516312109
04/26/2013,-0.021536845445564896
04/25/2013,0.009582971569253406
04/24/2013,0.005376324583886567
04/23/2013,-0.00682274394269772
04/22/2013,-0.009642300686377765
04/19/2013,-0.0002999979750086216
04/18/2013,-0.042456833097211544
04/17/2013,0.021738852227078637
04/16/2013,0.013813586476941418
04/15/2013,-0.014419500501080776
04/12/2013,0.010384540882050293
04/11/2013,0.00043036909256349235
04/10/2013,-0.00026570610073447365
04/09/2013,-0.015857154558735445
04/08/2013,-0.0036005226739152397
04/05/2013,0.010582685028981548
04/04/2013,0.015350211484515673
04/03/2013,0.013998769658580323
04/02/2013,0.008484241397824673
04/01/2013,-0.0145748989628745
03/28/2013,-0.008737024713643474
03/27/2013,0.010664935278319427
03/26/2013,0.012159591428078402
03/25/2013,-0.003421917807516978
03/22/2013,0.0008275829361115618
03/21/2013,0.0011723381908875258
03/20/2013,0.0042526646980803095
03/19/2013,-0.0041609613413086345
03/18/2013,-0.00435096926815409
03/15/2013,0.008059060493249658
03/14/2013,0.008891055154741263
03/13/2013,0.004588942433021932
03/12/2013,0.0027867949343963814
03/11/2013,0.008711869993380021
03/08/2013,-0.003952927607977456
03/07/2013,0.0012987793529720885
03/06/2013,-0.0014653023437241678
03/05/2013,0.008684376221042013
03/04/2013,-0.020391113646538346
03/01/2013,-0.01863661654946677
02/28/2013,-0.006189618286567423
02/27/2013,-0.0017723866310799111
02/26/2013,-0.012065803274891288
02/25/2013,0.0008100240473965743
02/22/2013,0.011305436027844349
02/21/2013,-0.0052269405814305515
02/20/2013,-0.0038590597186538805
02/19/2013,0.018158695038742786
02/15/2013,-0.0173018874997495
02/14/2013,-0.0063942744871644105
02/13/2013,-0.006295918374062935
02/12/2013,-0.0027590912584277423
02/11/2013,0.0022031296604454642
02/08/2013,0.0037704073473587767
02/07/2013,-0.014540948511671462
02/06/2013,-0.004884015436204507
02/05/2013,-0.005751971519613982
02/04/2013,-0.008775876489379724
02/01/2013,0.02184401144523177
01/31/2013,-0.02567050228050915
01/30/2013,-0.0024612909875886416
01/29/2013,-0.0001989487896726909
01/28/2013,-0.00391418363749472
01/25/2013,0.003916180341425914
01/24/2013,0.0007165478111945121
01/23/2013,-0.016852066595607774
01/22/2013,-0.05209714357677388
01/18/2013,0.0023333413105197987
01/17/2013,0.009666257742309574
01/16/2013,0.0054405632771496225
01/15/2013,0.013618822750917022
01/14/2013,-0.002317519503462151
01/11/2013,0.0231455248126601
01/10/2013,0.002013540692337232
01/09/2013,-0.004531505838153684
01/08/2013,-0.0065301050286629
01/07/2013,0.0019774392259079105
01/04/2013,0.004382403712060929
01/03/2013,-0.019377456082371677
01/02/2013,-0.0005804094087457831
12/31/2012,-0.02194261066185294
12/28/2012,-0.01041871416745083
12/27/2012,0.008971273098434346
12/26/2012,0.0036529032747541737
12/24/2012,0.0008887049387850015
12/21/2012,0.00863989796910879
12/20/2012,0.009404340165743425
12/19/2012,-0.0031147625145319328
12/18/2012,0.0013330537045600323
12/17/2012,-0.0004021290402846064
12/14/2012,-0.026110650546855133
12/13/2012,0.001054202555879756
12/12/2012,-0.007314618126553698
12/11/2012,-0.0009748698087338108
12/10/2012,-0.016444681077593226
12/07/2012,-0.0017653770499921264
12/06/2012,0.010113861908820366
12/05/2012,-0.004789210522934365
12/04/2012,0.004666897156380649
12/03/2012,0.0061068007556370155
11/30/2012,0.004487576549194863
11/29/2012,-0.009278672670116717
11/28/2012,-0.01188054088170352
11/27/2012,-0.018956538840960498
11/26/2012,-0.014253540779118558
11/23/2012,0.010315395359006389
11/21/2012,-0.0031438601581940755
11/20/2012,0.0061573081794349845
11/19/2012,-0.0026269702878531993
11/16/2012,-0.03147215618666739
11/15/2012,0.00012363144398081316
11/14/2012,0.008172940982784935
11/13/2012,0.0099608923602585
11/12/2012,0.010393814772454294
11/09/2012,-0.004310004696769713
11/08/2012,-0.016198354426024845
11/07/2012,0.022735249251625952
11/06/2012,0.021885197514694938
11/05/2012,0.0018189000831284267
11/02/2012,0.007262490435326299
11/01/2012,-0.0004797492934087435
10/31/2012,-0.01060222009458936
10/26/2012,-0.007570142686002156
10/25/2012,0.00386575842358517
10/24/2012,-0.000678663140542273
10/23/2012,0.0045031206345990124
10/22/2012,-0.002469287081074227
10/19/2012,0.004597208525878238
10/18/2012,0.01937552088682293
10/17/2012,0.08703594470337063
10/16/2012,-0.01428210375442652
10/15/2012,-0.004995310591355694
10/12/2012,0.005087853504411108
10/11/2012,0.009036543249756675
10/10/2012,-0.009208502452047549
10/09/2012,-0.0006311871415480555
10/08/2012,0.01847888606394301
10/05/2012,0.01294469776986011
10/04/2012,0.0005210615742152495
10/03/2012,-0.007226041390399903
10/02/2012,-0.007226251766446955
10/01/2012,0.006327667484763298
09/28/2012,-0.009556554988133691
09/27/2012,0.0026507920957278526
09/26/2012,-0.0040184768005781515
09/25/2012,-0.005707076975207777
09/24/2012,0.0002936614471373968
09/21/2012,-0.02053696489434868
09/20/2012,-0.007997389884547394
09/19/2012,-0.0008514947052699502
09/18/2012,-0.012673508022428255
09/17/2012,-0.011555434323109952
09/14/2012,-0.0004224726662731863
09/13/2012,-0.005129154035154869
09/12/2012,-0.021471791184138927
09/11/2012,0.0018960519019906544
09/10/2012,0.012395462349178895
09/07/2012,0.007677288580844001
09/06/2012,-0.009558872311666921
09/05/2012,-0.026708586272412016
09/04/2012,0.00047006273491004226
08/31/2012,0.005946750553999407
08/30/2012,-0.004977376450216264
08/29/2012,0.009285841728514547
08/28/2012,-0.015639262290580293
08/27/2012,-0.011856841557463391
08/24/2012,0.01406117085995638
08/23/2012,-0.002696631535077954
08/22/2012,0.0005614967497031589
08/21/2012,-0.011326381698538406
08/20/2012,0.009006625193911507
08/17/2012,0.002368427565422416
08/16/2012,-0.006305893031573356
08/15/2012,-0.007921327104661757
08/14/2012,0.0016778425064208026
08/13/2012,-0.012936377545242758
08/10/2012,-0.027287470540952624
08/09/2012,0.0005451729890966772
08/08/2012,-0.00018683847195757018
08/07/2012,-0.00263140223164874
08/06/2012,0.003559493224519757
08/03/2012,-0.0023179116210428024
08/02/2012,-0.01961547999686477
08/01/2012,0.0062505277231036235
07/31/2012,0.00045830935681915805
07/30/2012,-0.001058476983581513
07/27/2012,0.004206893522859035
07/26/2012,-0.0340179011957476
07/25/2012,-0.008755098639013558
07/24/2012,-0.0006907429925055909
07/23/2012,0.013068433450555344
07/20/2012,-0.007619696134261405
07/19/2012,-0.029075743149844912
07/18/2012,-0.020739822668518555
07/17/2012,-0.006939188300579919
07/16/2012,-0.0031383507838332165
07/13/2012,0.002782939459075621
07/12/2012,-0.010476669824178456
07/11/2012,0.0012445450873620214
07/10/2012,0.018400199591906682
07/09/2012,0.007409387109915688
07/06/2012,-5.122427153434095e-05
07/05/2012,0.016963055005054975
07/03/2012,-0.013575687790887808
07/02/2012,-0.01252063376558065
06/29/2012,-0.0006890845634855504
06/28/2012,-0.02716917513775144
06/27/2012,0.008842672869579335
06/26/2012,-0.008115182866796722
06/25/2012,-0.007048263039144988
06/22/2012,0.019225972703356787
06/21/2012,-0.010971507375734331
06/20/2012,0.02176185963007114
06/19/2012,0.006960843824381731
06/18/2012,-0.018365276803913172
06/15/2012,-0.011106277702015145
06/14/2012,-0.009672149699452202
06/13/2012,0.003649095053104087
06/12/2012,0.007146748457004264
06/11/2012,0.006016681985371881
06/08/2012,0.0210202633078725
06/07/2012,-0.0038246566297470692
06/06/2012,0.004046790471902054
06/05/2012,-0.01749995509412893
06/04/2012,0.014340491003986187
06/01/2012,-0.013152594363974235
05/31/2012,0.01730353218021434
05/30/2012,0.012688066135053971
05/29/2012,0.010387154080403332
05/25/2012,-0.004727920526593042
05/24/2012,0.02050606482789027
05/23/2012,0.009608124629401322
05/22/2012,-0.014209339852082194
05/21/2012,0.02215382496709133
05/18/2012,-0.022325007814863854
05/17/2012,0.037724867619894714
05/16/2012,0.0094374286613013
05/15/2012,-0.028333874404737953
05/14/2012,-0.01163454198236021
05/11/2012,0.0020364150186123788
05/10/2012,0.013928654124265902
05/09/2012,-0.007349355621127052
05/08/2012,0.005975536394889737
05/07/2012,-0.008551098491648187
05/04/2012,-0.017414160833166558
05/03/2012,0.023535456405401774
05/02/2012,-0.006153562682620366
05/01/2012,-0.004660320466008603
04/30/2012,0.0006949107133153006
04/27/2012,0.01674793753982861
04/26/2012,0.0007967586681145748
04/25/2012,-0.009342434713313
04/24/2012,-0.013858838127944941
04/23/2012,-0.0061037736683973885
04/20/2012,-0.002576960889321717
04/19/2012,0.005435703116062613
04/18/2012,0.013599202036850637
04/17/2012,0.003489959979975716
04/16/2012,-0.005741766478165113
04/13/2012,0.030574046597451984
04/12/2012,0.04228309769145307
04/11/2012,-0.02311797811272653
04/10/2012,-0.014309015673411758
04/09/2012,0.006349122796192626
04/05/2012,0.0023460051304920394
04/04/2012,0.004475620625286474
04/03/2012,0.011760959853124642
04/02/2012,0.006691345538534369
03/30/2012,-0.008780008051249984
03/29/2012,0.011181402310096249
03/28/2012,0.01133544887969259
03/27/2012,-0.01332800782373534
03/26/2012,0.0035701456469332624
03/23/2012,-0.010379853036309212
03/22/2012,0.005384463661604444
03/21/2012,-0.009395606136906053
03/20/2012,-0.010140933265005724
03/19/2012,0.0007734781344218727
03/16/2012,-0.014101394234416417
03/15/2012,-0.006255576384846054
03/14/2012,-0.008275214579911023
03/13/2012,0.0029059093588058704
03/12/2012,-0.020444250723896742
03/09/2012,-0.008097084745197582
03/08/2012,0.011478528910511864
03/07/2012,-0.000560027480183649
03/06/2012,-0.003032302257482409
03/05/2012,0.015356388548563818
03/02/2012,0.011396039122881582
03/01/2012,0.0018510822282370946
02/29/2012,-0.0066677679148816945
02/28/2012,0.00022642557500253922
02/27/2012,-0.01468327073490786
02/24/2012,0.0009683616684587326
02/23/2012,-0.006214185364755526
02/22/2012,0.003019278843301886
02/21/2012,0.009968061907737897
02/17/2012,-0.015244242414219634
02/16/2012,0.0031092961921748573
02/15/2012,-0.0015828090833603858
02/14/2012,0.00693574624671116
02/13/2012,0.004001504242155111
02/10/2012,-0.010274366310761956
02/09/2012,0.009159711404824127
02/08/2012,-0.0026329696837707607
02/07/2012,-0.005050493676872213
02/06/2012,0.0038235308052896595
02/03/2012,-0.02094926811590085
02/02/2012,-0.018815085053162876
02/01/2012,-0.007314898819501217
01/31/2012,-0.0012395607195454632
01/30/2012,-0.0041716009400312015
01/27/2012,0.003964039056485161
01/26/2012,-0.020483457698197035
01/25/2012,0.0024467844400724264
01/24/2012,0.020088142967403685
01/23/2012,0.007901047219272228
01/20/2012,0.000802733916676514
01/19/2012,0.0914350510387167
01/18/2012,-0.010413249180844233
01/17/2012,-0.00684143429001781
01/13/2012,-0.005711295718591519
01/12/2012,0.007440111716399973
01/11/2012,-0.005844612918374296
01/10/2012,-0.004505048860745944
01/09/2012,-0.0010912927675322402
01/06/2012,0.0442759505122745
01/05/2012,0.013830331049366814
01/04/2012,0.014066598667052507
01/03/2012,-0.0042946522624451155
12/30/2011,-0.02932025328902422
12/29/2011,-0.00541880876273826
12/28/2011,-0.00420293076786815
12/27/2011,0.0008597255904659156
12/23/2011,-0.011105013485765203
12/22/2011,-0.005433191154075234
12/21/2011,-0.006161710866448413
12/20/2011,0.007270479819991667
12/19/2011,-0.013547612841367265
12/16/2011,0.006641665367776517
12/15/2011,-0.010256199563432674
12/14/2011,-0.0023727733464020202
12/13/2011,0.012231672224320539
12/12/2011,-0.0003836634640385979
12/09/2011,0.003246042591407747
12/08/2011,-0.01812188748770906
12/07/2011,0.011914669559845582
12/06/2011,0.0006095043420384613
12/05/2011,0.0030139425582408224
12/02/2011,-0.008455238120958821
12/01/2011,-0.010622826076770082
11/30/2011,-0.023428960447923183
11/29/2011,-0.027461294421584414
11/28/2011,0.009023381749863562
11/25/2011,-0.04282622034729475
11/23/2011,0.012628750242568699
11/22/2011,0.017347457388211182
11/21/2011,0.0016207474674085462
11/18/2011,0.023995583160153728
11/17/2011,0.010069290929416073
11/16/2011,0.01764109863099165
11/15/2011,0.008324189206403132
11/14/2011,-0.0057740467888753744
11/11/2011,-0.00758563719521938
11/10/2011,-0.021813019614551822
11/09/2011,0.0098642263670351
11/08/2011,0.018953231520289077
11/07/2011,-0.006548602504726092
11/04/2011,-0.020038447627526105
11/03/2011,0.00228133705695154
11/02/2011,-0.021221823272619025
11/01/2011,-0.010550171872279503
10/31/2011,0.024176938640303812
10/28/2011,0.012655223349816867
10/27/2011,-0.0024494751977847617
10/26/2011,-0.020645763258127347
10/25/2011,-0.005372495020924879
10/24/2011,0.02273812581112903
10/21/2011,-0.009942624312149822
10/20/2011,-0.011549769522221719
10/19/2011,-0.005088515813824926
10/18/2011,0.016893421489310022
10/17/2011,-0.013716977332462485
10/14/2011,0.015916672719417154
10/13/2011,-0.055249464885143346
10/12/2011,-0.01876594859208431
10/11/2011,-0.009699247821992852
10/10/2011,-0.011064457277851403
10/07/2011,-0.04104844394993512
10/06/2011,-0.0007958900244578647
10/05/2011,-0.019447853170213913
10/04/2011,-0.005547862768363074
10/03/2011,-0.01271168480777085
09/30/2011,0.03939290958543014
09/29/2011,0.024192378378977693
09/28/2011,0.002540216598178725
09/27/2011,0.01985482503778615
09/26/2011,-0.013813181908248689
09/23/2011,-0.011995007448534272
09/22/2011,-0.009229169633254266
09/21/2011,0.03560876344687059
09/20/2011,0.013779613145818607
09/19/2011,7.318642881238962e-05
09/16/2011,1.8266886447324182e-05
09/15/2011,-0.0075364032108760385
09/14/2011,-0.019334226168128067
09/13/2011,-0.004792578079219133
09/12/2011,0.0011330191533732103
09/09/2011,-0.009941115006765281
09/08/2011,0.01926268203421404
09/07/2011,-0.0017384242539797408
09/06/2011,-0.02218983068946123
09/02/2011,0.0050940649707054055
09/01/2011,0.014594949096728396
08/31/2011,0.015887317697824758
08/30/2011,-0.0004806368125230618
08/29/2011,-0.0029961190333140228
08/26/2011,-0.02266826547115536
08/25/2011,-0.012944659797325031
08/24/2011,0.0062494986731556415
08/23/2011,-0.008542108824161282
08/22/2011,-0.039801779253422
08/19/2011,-0.014553273287208627
08/18/2011,0.02843640082521787
08/17/2011,0.05599343392083832
08/16/2011,0.010972582712840797
08/15/2011,0.03382189316794479
08/12/2011,0.011736601032798524
08/11/2011,-0.002908940794937527
08/10/2011,-0.02333986452951623
08/09/2011,0.044443661812127146
08/08/2011,-0.04776686848318738
08/05/2011,0.060474035555777614
08/04/2011,-0.0026250687866474346
08/03/2011,0.04095100021934171
08/02/2011,-0.014588309241062785
08/01/2011,0.024257271575273666
07/29/2011,-0.005076031659611743
07/28/2011,0.012009432574563314
07/27/2011,-0.006088889307168478
07/26/2011,0.025196785123741097
07/25/2011,-0.005686587279115643
07/22/2011,-0.001211657814380881
07/21/2011,-0.018180986593721596
07/20/2011,-0.01917653467724082
07/19/2011,0.01209369659787372
07/18/2011,-0.012629692821759336
07/15/2011,0.0045047448319933915
07/14/2011,-0.1149226104014608
07/13/2011,0.017620185988419322
07/12/2011,-0.007895813369375297
07/11/2011,-0.01260269614328241
07/08/2011,0.008932580278717543
07/07/2011,0.02746287772312337
07/06/2011,-0.020563428370548642
07/05/2011,-0.005454318702845607
07/01/2011,-0.021429602163443782
06/30/2011,-0.028117409913758013
06/29/2011,-0.01739799801052026
06/28/2011,-0.00787829534535046
06/27/2011,-0.021979124404997635
06/24/2011,-0.01640428036986837
06/23/2011,0.011244898461723605
06/22/2011,0.014139360634685703
06/21/2011,0.012299582930186364
06/20/2011,-0.017079150097979695
06/17/2011,0.0009079962292825465
06/16/2011,0.031648209988947705
06/15/2011,0.005156202423974198
06/14/2011,0.0107763976188728
06/13/2011,-0.0071601355931007376
06/10/2011,0.009470404023079824
06/09/2011,0.01417050589617684
06/08/2011,0.004721923020694107
06/07/2011,-0.00026963733558546944
06/06/2011,0.003911220153320047
06/03/2011,0.003876702145092702
06/02/2011,0.009520460105242509
06/01/2011,-0.004658549040294416
05/31/2011,0.006506847028379664
05/27/2011,-0.015349106192069773
05/26/2011,-0.005317693331930864
05/25/2011,0.002972211154113864
05/24/2011,-0.0027132413700358357
05/23/2011,0.00025084252005687043
05/20/2011,0.010879759339314359
05/19/2011,0.013777865247627707
05/18/2011,-0.0027106035221001164
05/17/2011,0.0012268742863487132
05/16/2011,-0.022697314537421236
05/13/2011,0.021469087402249436
05/12/2011,0.010386232275751415
05/11/2011,0.0007475804129286359
05/10/2011,0.013465250467752812
05/09/2011,-0.009176944512588662
05/06/2011,-0.004426390185019191
05/05/2011,-0.0019242129263888014
05/04/2011,0.0028450407102800835
05/03/2011,-0.003546237926718547
05/02/2011,0.008747168020713448
04/29/2011,0.010286643818097945
04/28/2011,-0.01126632531489476
04/27/2011,-0.00039026598608034877
04/26/2011,-0.00918628462644938
04/25/2011,-0.014582753721416207
04/21/2011,9.521351142829287e-05
04/20/2011,0.0011997262446100838
04/19/2011,-0.00798890817796673
04/18/2011,0.010181561513846728
04/15/2011,0.007326808515424557
04/14/2011,0.09008845274580847
04/13/2011,-0.0038546369291266934
04/12/2011,-0.009839033827355171
04/11/2011,0.011846945922079088
04/08/2011,0.0013682697291072913
04/07/2011,0.0031825119454874633
04/06/2011,-0.010034400791973392
04/05/2011,-0.008864798528504374
04/04/2011,0.032666162883599095
04/01/2011,0.007010619237708744
03/31/2011,-0.008516390987834492
03/30/2011,-0.008385105599071963
03/29/2011,-0.00018900329424178744
03/28/2011,-0.010950060470634324
03/25/2011,0.007612631996552687
03/24/2011,0.012333098039294105
03/23/2011,-0.00805943707906698
03/22/2011,-0.008313925351081046
03/21/2011,-0.0014202829661272781
03/18/2011,-0.02678237912352362
03/17/2011,0.0005347221474626411
03/16/2011,-0.007588692637912613
03/15/2011,0.022365787324208204
03/14/2011,0.0007549913252905128
03/11/2011,0.011789641569450027
03/10/2011,0.0062249769076624445
03/09/2011,0.019765668277533927
03/08/2011,0.0009124837668684343
03/07/2011,-0.0010973142646018223
03/04/2011,0.01514378740931884
03/03/2011,0.014884618790265262
03/02/2011,-0.01438741419288071
03/01/2011,-4.996743969011331e-05
02/28/2011,0.021040075892453495
02/25/2011,-0.005477699338796776
02/24/2011,-0.001999883110757814
02/23/2011,0.004106299461695419
02/22/2011,-0.00181571187767532
02/18/2011,0.03256252065119733
02/17/2011,-0.007649823874627889
02/16/2011,-0.0016633356035713808
02/15/2011,-0.0001120819222346595
02/14/2011,0.006408691986131768
02/11/2011,-0.005810688754014302
02/10/2011,-0.012906331566532633
02/09/2011,9.729708477636869e-05
02/08/2011,0.0030494808876315557
02/07/2011,-0.006614022100458923
02/04/2011,-0.0053883817409454745
02/03/2011,-0.00135847946582301
02/02/2011,0.003032118513188392
02/01/2011,-0.0015686362255902856
01/31/2011,-0.01747842824506219
01/28/2011,0.00104933418974528
01/27/2011,0.026290004593576118
01/26/2011,-0.0004702139061215597
01/25/2011,0.005531242292394152
01/24/2011,-0.014243955016472437
01/21/2011,0.0012273220077340663
01/20/2011,0.024418559370001643
01/19/2011,0.00794543499871721
01/18/2011,0.012473308877084104
01/14/2011,-0.02415453970136581
01/13/2011,-0.011999752298720478
01/12/2011,0.0002918703070506419
01/11/2011,-0.0013941732830205732
01/10/2011,-0.002922022604482279
01/07/2011,0.0036306930545425874
01/06/2011,-0.004769314146032667
01/05/2011,-0.0072208540099574425
01/04/2011,-0.011410880584057684
01/03/2011,0.0037035906566620824
12/31/2010,-0.01717549098630986
12/30/2010,0.008232780923896973
12/29/2010,0.003573473217639989
12/28/2010,-0.0034609522824468634
12/27/2010,0.005777069875865561
12/23/2010,0.003071129518717752
12/22/2010,0.002085326194925245
12/21/2010,-0.003996742223287849
12/20/2010,-0.013282063782075592
12/17/2010,-0.007158919250604813
12/16/2010,0.001540307272719329
12/15/2010,-0.0023829039872272414
12/14/2010,0.007809566732219514
12/13/2010,-0.00048750773665773913
12/10/2010,-0.004053011140295207
12/09/2010,-0.0011988788940807394
12/08/2010,-0.0016230015086390254
12/07/2010,-0.0057574843385906965
12/06/2010,-0.014953810901927203
12/03/2010,-0.009267552194196206
12/02/2010,-0.0020593416644433997
12/01/2010,-0.013063610276431412
11/30/2010,-0.015309635697661514
11/29/2010,0.047506863577978474
11/26/2010,0.013554132865887334
11/24/2010,0.008423688694837712
11/23/2010,-0.020101863357213864
11/22/2010,0.014082053208097921
11/19/2010,-0.0006595597376275211
11/18/2010,0.009698143603072818
11/17/2010,-0.021808383403217127
11/16/2010,0.0002913333140367231
11/15/2010,0.020129504886872103
11/12/2010,0.013132542709110856
11/11/2010,0.023040309230997036
11/10/2010,0.009219220390760369
11/09/2010,0.003114540053746793
11/08/2010,0.0031209480732027344
11/05/2010,-0.002696407596994968
11/04/2010,-0.0012957857914124512
11/03/2010,-0.006551720890074791
11/02/2010,-0.007384900664305573
11/01/2010,-0.0009746919768503056
10/29/2010,-0.0021138544902651255
10/28/2010,0.00795183482455609
10/27/2010,-0.003411025619312458
10/26/2010,0.003455097763220707
10/25/2010,-0.0033947694184538503
10/22/2010,-0.006439522023093022
10/21/2010,-0.0008816556950809486
10/20/2010,-0.006552344421856371
10/19/2010,-0.0002466784558068868
10/18/2010,0.01625449993854662
10/15/2010,-0.026323028326862546
10/14/2010,-0.10062349885001119
10/13/2010,0.0043813350410660925
10/12/2010,-0.003515598853168696
10/11/2010,-0.004710078144580067
10/08/2010,-0.004621058827350569
10/07/2010,-0.011820563257163665
10/06/2010,0.00818852120671111
10/05/2010,0.00726109734474429
10/04/2010,-0.029504077351112858
10/01/2010,0.006260214719430695
09/30/2010,0.00032344191468233687
09/29/2010,0.0036135695189337576
09/28/2010,-0.0009854433276188259
09/27/2010,0.006146031098867333
09/24/2010,-0.005882218482582044
09/23/2010,-0.02619056335336527
09/22/2010,0.004907687148755222
09/21/2010,-0.004922486726840357
09/20/2010,-0.010088396459085274
09/17/2010,-0.03566929402128622
09/16/2010,-0.018545349617986477
09/15/2010,-0.0008730612556545163
09/14/2010,-0.00043694540101432385
09/13/2010,0.003829904474765059
09/10/2010,-0.012710737463019098
09/09/2010,8.40170870959666e-05
09/08/2010,-0.011760285694639676
09/07/2010,-0.013132728602835693
09/03/2010,0.012704617127995893
09/02/2010,-0.015139278191413325
09/01/2010,-0.006153111577977541
08/31/2010,-0.022397006144297963
08/30/2010,0.0059330758370027435
08/27/2010,0.013563355423563454
08/26/2010,-0.017108717416516102
08/25/2010,0.008071302755870058
08/24/2010,-0.0071048067580309305
08/23/2010,0.028090961951013543
08/20/2010,-0.004417403563151869
08/19/2010,0.012878195279454042
08/18/2010,0.03030108314446768
08/17/2010,0.017359741856331143
08/16/2010,-0.01005055608790765
08/13/2010,0.0015651227723943253
08/12/2010,0.011637690343936864
08/11/2010,-0.0005487475151281576
08/10/2010,0.02434211497255398
08/09/2010,0.003255852766815301
08/06/2010,-0.010151372612402202
08/05/2010,0.015753090002393156
08/04/2010,-0.0035032929887885917
08/03/2010,-0.032568304147572655
08/02/2010,0.0011840565331164448
07/30/2010,-0.011337409588569783
07/29/2010,0.0002887276628481599
07/28/2010,-0.0013196030027464011
07/27/2010,0.01709508304356913
07/26/2010,-0.00742950695807276
07/23/2010,0.002229128574111091
07/22/2010,-0.010712936953962061
07/21/2010,-0.015078096798789643
07/20/2010,0.008565463825464322
07/19/2010,-0.03199815639558535
07/16/2010,-0.014093277380440757
07/15/2010,0.0748677971623153
07/14/2010,-0.005424862867873639
07/13/2010,-0.004355456896041106
07/12/2010,-0.02733032280844607
07/09/2010,-0.0175272963100076
07/08/2010,-0.023380125042202396
07/07/2010,-0.01393031498974499
07/06/2010,-0.031385993024833865
07/02/2010,0.0011006780018009575
07/01/2010,0.00673468364807399
06/30/2010,0.012423475016886025
06/29/2010,0.020923709731675306
06/28/2010,0.03922862077075749
06/25/2010,0.0012709421167277158
06/24/2010,0.005119779777323456
06/23/2010,0.014628488816070305
06/22/2010,0.008712811112569812
06/21/2010,0.0047506172952958255
06/18/2010,0.023477126359474056
06/17/2010,0.00010003777300744738
06/16/2010,0.002379600753818481
06/15/2010,-0.006543398015418138
06/14/2010,-0.029719448511221342
06/11/2010,0.01098944840211323
06/10/2010,-0.0030501575882787655
06/09/2010,-0.026672973881580048
06/08/2010,0.022699462312580312
06/07/2010,0.0015264780345727825
06/04/2010,0.027187387665505575
06/03/2010,0.013795314369533117
06/02/2010,-0.024189071529407385
06/01/2010,-0.02229563980686955
05/28/2010,0.006758245801168464
05/27/2010,0.009945882688044987
05/26/2010,-0.030563138772655252
05/25/2010,0.003365090580415906
05/24/2010,0.00018864265072644507
05/21/2010,-0.010709183608629446
05/20/2010,0.006270517707518084
05/19/2010,0.04088333054569966
05/18/2010,0.007968786880342393
05/17/2010,0.019262788209246727
05/14/2010,-0.000866186581876377
05/13/2010,0.006600600662861079
05/12/2010,-0.0107461889089761
05/11/2010,0.007241928167623073
05/10/2010,0.024751988786270766
05/07/2010,-0.054653497222444274
05/06/2010,0.011213827681553813
05/05/2010,0.022239152541226305
05/04/2010,-0.006650146895559714
05/03/2010,0.047850338571549036
04/30/2010,-0.009234848999102254
04/29/2010,0.011984050335855367
04/28/2010,-0.00528194067530844
04/27/2010,-0.0002456653609305868
04/26/2010,0.0048765906608639375
04/23/2010,0.025111022146038345
04/22/2010,0.0037982059842823863
04/21/2010,0.013234358649105105
04/20/2010,0.001335027969441515
04/19/2010,-0.00890028933943244
04/16/2010,9.087776320704135e-05
04/15/2010,0.08206861657464717
04/14/2010,-0.010582927365462376
04/13/2010,-0.0037860881586889964
04/12/2010,-0.02392756589003746
04/09/2010,-0.01136666158835676
04/08/2010,0.0022429489710157446
04/07/2010,-0.006960463247097967
04/06/2010,0.008304669187478029
04/05/2010,0.0049100001772209075
04/01/2010,-0.0038702895925776127
03/31/2010,-0.0029535502941481747
03/30/2010,-0.0007230231875120333
03/29/2010,-0.007517048482641489
03/26/2010,0.00042676038936462
03/25/2010,0.0003376272087760324
03/24/2010,-0.009860042772616113
03/23/2010,-0.01494625370282532
03/22/2010,0.015482701380135282
03/19/2010,0.0044842999729336076
03/18/2010,0.011428565565581335
03/17/2010,-0.0014830327094255
03/16/2010,-0.0006365142700999907
03/15/2010,-0.0035739463360723255
03/12/2010,0.029049293424594645
03/11/2010,0.002760757893705751
03/10/2010,-0.008070343674108442
03/09/2010,-0.028207127641591122
03/08/2010,0.004087980768452518
03/05/2010,0.0030756101914348006
03/04/2010,-0.017050332474931255
03/03/2010,-0.016715102246233904
03/02/2010,-0.007811905862619095
03/01/2010,-0.01546963231231164
02/26/2010,-0.011057042492571332
02/25/2010,-0.000702420296674997
02/24/2010,0.009573923228984827
02/23/2010,0.00677364719902685
02/22/2010,0.014446781398019054
02/19/2010,-0.0037583426924272163
02/18/2010,0.004549137047136475
02/17/2010,-0.009222746831428907
02/16/2010,0.005741196864517889
02/12/2010,-0.015111694382238618
02/11/2010,0.006152477915682538
02/10/2010,-0.0036354039103850488
02/09/2010,0.0037235226257791116
02/08/2010,-0.005536525608816563
02/05/2010,-0.004086482916759395
02/04/2010,-0.008488783492882734
02/03/2010,0.026652450887074578
02/02/2010,-0.017935690596992623
02/01/2010,0.0035773061759181274
01/29/2010,-0.005778364417165615
01/28/2010,0.008208446796745324
01/27/2010,0.014617622063428076
01/26/2010,0.0005902621317303609
01/25/2010,-0.004461460525327615
01/22/2010,0.01853698988850864
01/21/2010,0.0599443303642589
01/20/2010,-0.004408317814350534
01/19/2010,0.01242219860362314
01/15/2010,-0.012967577043993461
01/14/2010,0.016982785852367274
01/13/2010,-0.004679160093979017
01/12/2010,0.005774308774852254
01/11/2010,0.018002246868788218
01/08/2010,0.0015138885745731
01/07/2010,-0.013155736509931135
01/06/2010,0.023834361061433364
01/05/2010,0.025860661317487713
01/04/2010,0.004423148734010102
12/31/2009,-0.010801710028044701
12/30/2009,0.004435553456132555
12/29/2009,-0.005347323997896297
12/28/2009,0.005602176959454328
12/24/2009,-0.007048003519132202
12/23/2009,-0.010994779611628815
12/22/2009,-0.017263931725682878
12/21/2009,-0.004059022226262649
12/18/2009,-0.0037750147571499644
12/17/2009,-0.004158082017841765
12/16/2009,0.006431608334983238
12/15/2009,-0.007728913569685057
12/14/2009,0.004366579644246774
12/11/2009,-0.008762345458396683
12/10/2009,0.0016765564811811683
12/09/2009,-0.004192769692161917
12/08/2009,-0.003344546399675731
12/07/2009,-0.0013627184130422132
12/04/2009,-0.0021151089676753718
12/03/2009,0.0012477734842548107
12/02/2009,0.003021882274024079
12/01/2009,0.004016969199485545
11/30/2009,-0.011646656329155453
11/27/2009,-0.0055574703105370485
11/25/2009,0.010314564228753634
11/24/2009,-0.0045241419627337935
11/23/2009,-0.0012691145453722125
11/20/2009,-0.021275893484788012
11/19/2009,0.005316253703106278
11/18/2009,0.006387493437669562
11/17/2009,0.0014566716628687567
11/16/2009,-0.002095209798872415
11/13/2009,-0.007340234563201049
11/12/2009,-0.007342030692908754
11/11/2009,0.00477240244085574
11/10/2009,-0.006660154493461867
11/09/2009,-0.007498766051795692
11/06/2009,-0.02028404741759905
11/05/2009,-0.004445663894831898
11/04/2009,-0.015164512104416713
11/03/2009,-0.005626150373226303
11/02/2009,-0.006141899163477787
10/30/2009,0.003988767749629195
10/29/2009,0.02784828008355415
10/28/2009,-0.01950817660548678
10/27/2009,0.014788043579050097
10/26/2009,0.010797194704389937
10/23/2009,-0.0009382843999461384
10/22/2009,0.0007224094920114775
10/21/2009,-0.005396209942787599
10/20/2009,0.001125005102166921
10/19/2009,0.0006706935397132053
10/16/2009,-0.0040572983150091255
10/15/2009,-0.03626443371271728
10/14/2009,0.01020922988106503
10/13/2009,-0.017204645773407325
10/12/2009,-0.0039345124185048656
10/09/2009,-0.014865305166186012
10/08/2009,-0.004009654877902756
10/07/2009,0.006534596210574089
10/06/2009,-0.03632563966372412
10/05/2009,-0.02049167507398286
10/02/2009,-0.008065187421829054
10/01/2009,0.005406770734519641
09/30/2009,0.017754528939866905
09/29/2009,0.005404841529730966
09/28/2009,0.0
09/25/2009,-0.01213567004626057
09/24/2009,0.008711026505762765
09/23/2009,0.0034019674608041814
09/22/2009,0.0012036840543891848
09/21/2009,-0.0041277610632275
09/18/2009,-0.011146891440478139
09/17/2009,0.0005290467299599888
09/16/2009,-0.006975483448465071
09/15/2009,-0.022015631374370796
09/14/2009,-0.005067607819426211
09/11/2009,-0.006272099356198376
09/10/2009,-0.002541637490848618
09/09/2009,-0.01480018060224587
09/08/2009,-0.011530908076712977
09/04/2009,0.005843597450594273
09/03/2009,-0.008194263504306508
09/02/2009,-0.009857439829810419
09/01/2009,0.006070471859499779
08/31/2009,0.012967373253972198
08/28/2009,0.006671392096037687
08/27/2009,0.0028187337035159433
08/26/2009,0.004162585886463575
08/25/2009,0.007200869239515402
08/24/2009,-0.0056007314199524
08/21/2009,-0.007445630820693045
08/20/2009,-0.01038177893984763
08/19/2009,-0.03570728651889714
08/18/2009,0.002950664368676211
08/17/2009,-0.0008758689934248417
08/14/2009,0.03396348113261674
08/13/2009,0.004956521227088543
08/12/2009,-0.008003815624868233
08/11/2009,-0.010118211351557977
08/10/2009,0.0058818451378509625
08/07/2009,0.0010731054072607262
08/06/2009,-0.014745096954404803
08/05/2009,0.0017319074775854891
08/04/2009,0.005741000632731994
08/03/2009,-0.0033499876938516775
07/31/2009,-0.020256074050383207
07/30/2009,0.005845830022993549
07/29/2009,-0.021093260678520687
07/28/2009,0.008275280334480994
07/27/2009,0.011253842419024307
07/24/2009,0.00431657103502374
07/23/2009,-0.020997484543728216
07/22/2009,-0.02206525700155063
07/21/2009,0.0004910412817744161
07/20/2009,0.0053049352068259194
07/17/2009,0.0001859957561227329
07/16/2009,0.02870427074002944
07/15/2009,-0.010009095966634298
07/14/2009,-0.030764301104586993
07/13/2009,-0.000918333265545708
07/10/2009,-0.023332489802143926
07/09/2009,-0.009676643359897461
07/08/2009,-0.019250016758104525
07/07/2009,-0.014559333512859193
07/06/2009,0.032725685017155566
07/02/2009,-0.002734300827342984
07/01/2009,0.02570441250352676
06/30/2009,0.006205424888475151
06/29/2009,0.006048499772640364
06/26/2009,0.0027821116058767605
06/25/2009,-0.022453691555846138
06/24/2009,-0.015585560502971147
06/23/2009,-0.008820098936756822
06/22/2009,0.004116528850515391
06/19/2009,0.03127528497439197
06/18/2009,-0.014354052164285614
06/17/2009,0.002656602950350881
06/16/2009,0.002023368734184947
06/15/2009,0.0018509516485599033
06/12/2009,0.01936317382408244
06/11/2009,0.009791932831233491
06/10/2009,0.00839159022753711
06/09/2009,0.006981053744750859
06/08/2009,0.00723109011245683
06/05/2009,0.012648979795074572
06/04/2009,-0.009092521249653644
06/03/2009,-0.019601172900409785
06/02/2009,-0.0075292277001388925
06/01/2009,-0.004295053571351466
05/29/2009,-0.021872670703747772
05/28/2009,-0.016369890421218974
05/27/2009,-0.011793379415840886
05/26/2009,-0.0029588883759390544
05/22/2009,-0.026857213546468913
05/21/2009,0.007623897918710107
05/20/2009,0.0017150016117965915
05/19/2009,0.0042801332989555714
05/18/2009,-0.005114316375774173
05/15/2009,-0.017236154589694228
05/14/2009,-0.0064102493354822754
05/13/2009,0.005264512182536739
05/12/2009,0.024310711020386663
05/11/2009,0.02248068939529135
05/08/2009,-0.0015932404259674162
05/07/2009,-0.026317710174791998
05/06/2009,0.017296581648857213
05/05/2009,-0.0011896862072501983
05/04/2009,-0.002506258841139194
05/01/2009,-0.02062296984587211
04/30/2009,0.005791434726175341
04/29/2009,-0.011364546948071616
04/28/2009,-0.019822706879923893
04/27/2009,0.00583772098900432
04/24/2009,0.009172210114625247
04/23/2009,-0.012323805260802165
04/22/2009,-0.0021575911468130825
04/21/2009,-0.006226221792637451
04/20/2009,-0.005688515694617333
04/17/2009,0.03411543010559836
04/16/2009,-0.008923053675492301
04/15/2009,-0.023769122474626307
04/14/2009,-0.02790511513337101
04/13/2009,0.024938257936131195
04/09/2009,-0.014836949601159943
04/08/2009,-0.028187903137630088
04/07/2009,-0.009254157434923018
04/06/2009,0.02673919515604449
04/03/2009,0.00418202752594146
04/02/2009,-0.019687361302937287
04/01/2009,-0.023200014535876005
03/31/2009,-0.017029556846128155
03/30/2009,-0.015428367220679326
03/27/2009,0.01461965754297242
03/26/2009,0.016077068424855335
03/25/2009,-0.02609755965014954
03/24/2009,0.009009752633182391
03/23/2009,0.00411908346901119
03/20/2009,-0.05289734267178748
03/19/2009,-0.0006663357332795849
03/18/2009,0.009577479146247974
03/17/2009,0.006724773411965372
03/16/2009,-0.04666912115314613
03/13/2009,0.014795600018541365
03/12/2009,-0.0027433006270614776
03/11/2009,-0.01737092878931307
03/10/2009,-0.030637550747112507
03/09/2009,-0.056072987555009814
03/06/2009,0.06077900316936109
03/05/2009,-0.00949544042153103
03/04/2009,0.043449804615047764
03/03/2009,0.020569485805007736
03/02/2009,0.005161544073198082
02/27/2009,0.033103139009666147
02/26/2009,-0.0023965258528475743
02/25/2009,0.01322730807060908
02/24/2009,0.011152100812213192
02/23/2009,-0.04455055229113338
02/20/2009,0.04965763500330809
02/19/2009,-0.0109972681661174
02/18/2009,0.030556868445526825
02/17/2009,-0.02959418111902589
02/13/2009,0.04383349320404385
02/12/2009,0.01501341281183674
02/11/2009,-0.013799698345625607
02/10/2009,0.001312665330779635
02/09/2009,0.05651170980921522
02/06/2009,-0.01977454772001548
02/05/2009,-0.04729589544824401
02/04/2009,-0.03030643820941118
02/03/2009,-0.007434370611548968
02/02/2009,0.0003524325410521513
01/30/2009,-0.00598994779842445
01/29/2009,0.014149449410128929
01/28/2009,0.015583115980471868
01/27/2009,-0.049301681473270506
01/26/2009,-0.022957619455658097
01/23/2009,0.0025627682991170514
01/22/2009,-0.05605177948671671
01/21/2009,-0.011158228031901137
01/20/2009,-0.06707792544715893
01/16/2009,0.05984083267646842
01/15/2009,-0.0022691632109507324
01/14/2009,0.006622256836568124
01/13/2009,0.04435656037628144
01/12/2009,-0.005185758530200332
01/09/2009,0.007611409197109194
01/08/2009,0.03211976416078591
01/07/2009,-0.009778890771102708
01/06/2009,0.03742120950202393
01/05/2009,-0.017990755553254176
01/02/2009,-0.02051515225173116
12/31/2008,-0.04254327353310554
12/30/2008,-0.014757008473257597
12/29/2008,-0.018772097356038447
12/26/2008,0.009884991078319255
12/24/2008,0.00862296925333495
12/23/2008,-0.016273315240182436
12/22/2008,-0.003053431176212362
12/19/2008,0.043956778571587474
12/18/2008,0.0003546432636664207
12/17/2008,0.015985524457642043
12/16/2008,0.031848829922383824
12/15/2008,-0.04491516773786118
12/12/2008,0.016383912394946958
12/11/2008,-0.04921457424853785
12/10/2008,0.028645608395326025
12/09/2008,-0.009228671638795101
12/08/2008,-0.012615595152664852
12/05/2008,-0.05997816378431435
12/04/2008,-0.03398002756183741
12/03/2008,0.018553583417975115
12/02/2008,-0.015460023395769282
12/01/2008,-0.033150358760969764
11/28/2008,0.10139481255222835
11/26/2008,-0.0029697214980718032
11/25/2008,-0.03437294886427619
11/24/2008,-0.0872540133304505
11/21/2008,0.019383064696369575
11/20/2008,-0.010936250897667782
11/19/2008,0.0794421361844103
11/18/2008,0.06153190041735167
11/17/2008,0.00907804684938578
11/14/2008,0.032986830221493284
11/13/2008,0.006644727534186305
11/12/2008,-0.06754678007157104
11/11/2008,0.07030930840422404
11/10/2008,0.023502209019275314
11/07/2008,0.03877281618526595
11/06/2008,0.0002416192315486408
11/05/2008,0.03327094899813904
11/04/2008,0.07217155172369419
11/03/2008,-0.05573124234997715
10/31/2008,0.037143985755125696
10/30/2008,0.00091829669180886
10/29/2008,-0.004698483118461507
10/28/2008,0.030027884400403344
10/27/2008,-0.10646774393901302
10/24/2008,0.02974291512795614
10/23/2008,0.038403756448626564
10/22/2008,0.009508324107843125
10/21/2008,0.019906168854285165
10/20/2008,0.04567882675930486
10/17/2008,-0.017874136518270613
10/16/2008,-0.05239707818122429
10/15/2008,-0.03923289626551293
10/14/2008,0.06940479111788521
10/13/2008,0.050481044916442876
10/10/2008,-0.1286546592196861
10/09/2008,-0.00909640323400364
10/08/2008,0.027752482185558612
10/07/2008,0.023365220230310648
10/06/2008,0.07283026116082089
10/03/2008,0.04229407301227988
10/02/2008,0.009252772768632447
10/01/2008,0.054367602593214534
09/30/2008,-0.0272029482585017
09/29/2008,-0.04873665577195035
09/26/2008,0.13133861360556584
09/25/2008,0.01985897089721968
09/24/2008,-0.010213834678560987
09/23/2008,-0.013421925648275577
09/22/2008,0.0020267143306672876
09/19/2008,0.0441948769348316
09/18/2008,-0.022420089033066883
09/17/2008,-0.05600345068553997
09/16/2008,0.06861444746743293
09/15/2008,-0.020477278989277353
09/12/2008,0.008758557138134858
09/11/2008,-0.00893384684397725
09/10/2008,-0.04516426151843095
09/09/2008,0.01086533626225383
09/08/2008,0.0030812700290213956
09/05/2008,0.0578640360071249
09/04/2008,0.013528399825005052
09/03/2008,0.03142630420310913
09/02/2008,0.0018087244104903722
08/29/2008,-0.0042127602266923735
08/28/2008,0.022642356531370745
08/27/2008,-0.010975537277045788
08/26/2008,0.011908342086674453
08/25/2008,0.018664589773994454
08/22/2008,0.015693263741119245
08/21/2008,-0.008275796320345152
08/20/2008,-0.0031446649962774123
08/19/2008,0.01134020395143346
08/18/2008,0.015902080730278694
08/15/2008,0.02378087143687086
08/14/2008,-0.009134531828475035
08/13/2008,-0.01080145027101067
08/12/2008,0.005159708586996399
08/11/2008,-0.003521631533095668
08/08/2008,-0.01164044072018427
08/07/2008,-0.032100351987977435
08/06/2008,0.015069323999852925
08/05/2008,-0.013344561978645352
08/04/2008,-0.035115139706709174
08/01/2008,0.010496705494228573
07/31/2008,0.012589253560659017
07/30/2008,0.018891853923883237
07/29/2008,0.0008493450508015235
07/28/2008,-0.012398811547254158
07/25/2008,0.031145195404632366
07/24/2008,-0.0332534081023184
07/23/2008,0.028594280150590325
07/22/2008,-0.024753712516499653
07/21/2008,-0.017417353858620685
07/18/2008,0.026706527865213214
07/17/2008,0.10828550914352186
07/16/2008,0.0040491566872737535
07/15/2008,-0.036426418782900094
07/14/2008,0.010715164247454025
07/11/2008,0.02335034220663605
07/10/2008,0.012682712430904337
07/09/2008,0.0018128591935599426
07/08/2008,0.023968222689303386
07/07/2008,-0.019151320077653126
07/03/2008,-0.012704343122312969
07/02/2008,-0.018547454957303096
07/01/2008,0.01459098207967661
06/30/2008,-0.015540596231631896
06/27/2008,0.0031344202856429795
06/26/2008,0.0014202547396148229
06/25/2008,0.041942424501256896
06/24/2008,-0.015789528471869426
06/23/2008,0.0053661003562255295
06/20/2008,0.002237575598813074
06/19/2008,0.025200024630827787
06/18/2008,0.0038913887379777136
06/17/2008,0.01258940065977098
06/16/2008,0.005882718502081606
06/13/2008,-0.0022694444803364688
06/12/2008,-0.032475423418094944
06/11/2008,-0.014015750447303053
06/10/2008,0.016452714779623283
06/09/2008,0.0066767129803421785
06/06/2008,0.016365785478164176
06/05/2008,0.034038757113381564
06/04/2008,-0.02401498232393731
06/03/2008,-0.008598061272297397
06/02/2008,0.013572989265102978
05/30/2008,0.018782669886963383
05/29/2008,-0.004779799178354276
05/28/2008,-0.025317347959771426
05/27/2008,-0.012917024815745507
05/23/2008,-0.02902483735955736
05/22/2008,0.008886994613992387
05/21/2008,0.0009645734615256904
05/20/2008,0.05201914482181846
05/19/2008,-0.0018666143107336597
05/16/2008,0.004415412536396029
05/15/2008,0.0016032331849673651
05/14/2008,-0.008089475700479892
05/13/2008,0.011625902952390792
05/12/2008,0.0033275861151862017
05/09/2008,-0.020070445542336387
05/08/2008,0.01711446218057932
05/07/2008,-0.006878048676465908
05/06/2008,0.012711578225186544
05/05/2008,0.014564340063433271
05/02/2008,-0.022877736976621377
05/01/2008,0.020282471590842725
04/30/2008,-0.031682091696586534
04/29/2008,-0.0275470605681067
04/28/2008,-0.01137036354440288
04/25/2008,-0.014598283757452663
04/24/2008,-0.0018747624547035243
04/23/2008,0.006353153916800581
04/22/2008,0.015572085043101024
04/21/2008,-0.031009043931134617
04/18/2008,0.0030123313373946357
04/17/2008,-0.16660794833528134
04/16/2008,0.01221251776947896
04/15/2008,-0.01799883016315355
04/14/2008,0.010786860954361991
04/11/2008,0.012819360362671768
04/10/2008,0.025423562546415528
04/09/2008,-0.010424649813635188
04/08/2008,0.007798518143023027
04/07/2008,0.019259942224333037
04/04/2008,-0.012017080933191716
04/03/2008,-0.03390011762266155
04/02/2008,0.02324662786175165
04/01/2008,2.1442900421381487e-05
03/31/2008,-0.05419682620669302
03/28/2008,-0.005426016693916473
03/27/2008,0.0136961419019287
03/26/2008,0.031773558390363936
03/25/2008,-0.016172321329332346
03/24/2008,0.021695708311047675
03/20/2008,-0.058645954979714844
03/19/2008,-0.003575153392505492
03/18/2008,0.016574089079178775
03/17/2008,-0.043924809030111096
03/14/2008,0.04298951423824784
03/13/2008,0.011623109663704816
03/12/2008,-0.006388109453434992
03/11/2008,-0.0007723728109871334
03/10/2008,-0.059612613948951676
03/07/2008,0.047700755442721975
03/06/2008,-0.0014998967055668648
03/05/2008,0.0346660112715135
03/04/2008,-0.006924247596280475
03/03/2008,0.02793523662745897
02/29/2008,0.030983312030379597
02/28/2008,0.008935006880307012
02/27/2008,-0.0053219148906154
02/26/2008,-0.01833525823932209
02/25/2008,0.047932931343146044
02/22/2008,0.04391087574074152
02/21/2008,-0.00972821307715508
02/20/2008,0.012210144358337107
02/19/2008,-9.821189338318297e-05
02/15/2008,0.0406522471965292
02/14/2008,0.004927926627465367
02/13/2008,0.004452786374660781
02/12/2008,-0.030919137249649113
02/11/2008,0.005925606761272809
02/08/2008,-0.008577020115282647
02/07/2008,-0.02272156993662919
02/06/2008,-0.00641648324117351
02/05/2008,0.010145283556073864
02/04/2008,-0.02243483310413276
02/01/2008,0.04131763091565252
01/31/2008,0.09381658438094855
01/30/2008,-0.028406902268449736
01/29/2008,0.004103890522159149
01/28/2008,0.009917832319677435
01/25/2008,0.0187417068986445
01/24/2008,0.0142832384004384
01/23/2008,-0.04503132023858694
01/22/2008,0.06512712799269518
01/18/2008,0.02720974155367565
01/17/2008,0.0008995926543362566
01/16/2008,0.025233450410760083
01/15/2008,0.03523011390721545
01/14/2008,0.025358742383343368
01/11/2008,-0.02381386565199508
01/10/2008,0.013286280712147465
01/09/2008,0.010004209724622378
01/08/2008,-0.03294549472826525
01/07/2008,0.02781472563071651
01/04/2008,0.01193676804229072
01/03/2008,0.043120299071119875
01/02/2008,-0.0002042630657647192
12/31/2007,0.009179886958766802
12/28/2007,0.015980205167304074
12/27/2007,-0.0025478615206163935
12/26/2007,0.014413294778877987
12/24/2007,-0.014222636032517924
12/21/2007,-0.005765400566059445
12/20/2007,-0.010047534926074549
12/19/2007,-0.01786308778981535
12/18/2007,-0.005934651894957887
12/17/2007,-0.0061186584312198
12/14/2007,0.030975893007382436
12/13/2007,0.005927851947455944
12/12/2007,0.007636342584660165
12/11/2007,-0.00021453582082216853
12/10/2007,0.02748859634999369
12/07/2007,-0.004941396902422968
12/06/2007,0.0005455606550375887
12/05/2007,-0.023418038710439074
12/04/2007,-0.020543778432367963
12/03/2007,-0.00384412844661095
11/30/2007,0.016829805170125
11/29/2007,0.005771981397829348
11/28/2007,-0.0068005584186070205
11/27/2007,-0.026998485138768742
11/26/2007,-0.011238649554945168
11/23/2007,0.0160660522745704
11/21/2007,-0.023910134607775916
11/20/2007,-0.018137284744834274
11/19/2007,-0.03498620803535161
11/16/2007,0.012431043599849999
11/15/2007,-0.006281286074556737
11/14/2007,0.019105899873771454
11/13/2007,0.029407126012619578
11/12/2007,-0.043115506742041614
11/09/2007,0.05046910039867819
11/08/2007,0.04498691753780822
11/07/2007,0.0563530327885109
11/06/2007,0.012074663979492323
11/05/2007,-0.021758155960196385
11/02/2007,-0.019844311847183858
11/01/2007,-0.011304003380479377
10/31/2007,0.00538952752961198
10/30/2007,-0.01729843738612673
10/29/2007,-0.022367062808250283
10/26/2007,-0.006816573682722301
10/25/2007,-0.009027577111122691
10/24/2007,0.01093478371908373
10/23/2007,-7.397214627427052e-05
10/22/2007,-0.03702443680031105
10/19/2007,-0.009281615898516138
10/18/2007,-0.007895007376219804
10/17/2007,-0.009599442282987687
10/16/2007,-0.027593622957794404
10/15/2007,0.006672102022316462
10/12/2007,0.027865992498784346
10/11/2007,-0.024145327455939523
10/10/2007,0.005450126584116854
10/09/2007,-0.01632581670611066
10/08/2007,-0.009038016610063152
10/05/2007,-0.025540474889680947
10/04/2007,-0.025284092936883773
10/03/2007,0.008617875845713201
10/02/2007,0.0006335965155702852
10/01/2007,-0.003148583898284671
09/28/2007,-0.026229542619148012
09/27/2007,0.00040542486261999674
09/26/2007,0.001162988940667167
09/25/2007,0.0014784387136648946
09/24/2007,-0.0017222800875882484
09/21/2007,-0.013943203812815004
09/20/2007,-0.012979726036140251
09/19/2007,-0.010817129105286849
09/18/2007,-0.02117580076156414
09/17/2007,-0.018626171463628795
09/14/2007,0.0065677075875389635
09/13/2007,-0.007508322058416643
09/12/2007,-0.004058771874645337
09/11/2007,-0.002525576180846202
09/10/2007,-0.01313955316918776
09/07/2007,0.009465975559110267
09/06/2007,0.008029248985190987
09/05/2007,0.008175348032647313
09/04/2007,-0.005020786096314565
08/31/2007,-0.018851770063825223
08/30/2007,-0.007472115626400905
08/29/2007,0.002894043852236253
08/28/2007,-0.012634550714665689
08/27/2007,0.013546598417454033
08/24/2007,0.003390069922946903
08/23/2007,-0.005456296065432339
08/22/2007,0.0010933686831914229
08/21/2007,-0.011974633495143463
08/20/2007,-0.017153258535171485
08/17/2007,0.004257728706166682
08/16/2007,-0.017038650576492825
08/15/2007,0.012268057615483649
08/14/2007,0.022208867888488092
08/13/2007,0.013566659636585886
08/10/2007,0.0004848831632903435
08/09/2007,-0.0019776699291273723
08/08/2007,0.021467546467543546
08/07/2007,-0.018562813000453957
08/06/2007,-0.011666290847782063
08/03/2007,-0.013725465065286654
08/02/2007,0.015924481696422004
08/01/2007,0.003776831590667308
07/31/2007,-0.005731715168734158
07/30/2007,0.011980462004685217
07/27/2007,-0.008176575507730854
07/26/2007,-0.007599318977795186
07/25/2007,0.003464549680857613
07/24/2007,0.008317609475275297
07/23/2007,-0.002898774350365458
07/20/2007,0.014848473887286598
07/19/2007,0.054737413061271147
07/18/2007,0.0016588263073821974
07/17/2007,0.010009042320310722
07/16/2007,-0.0036216370479631127
07/13/2007,-0.0015009381134731944
07/12/2007,-0.012369620496117733
07/11/2007,-0.0015769564586892622
07/10/2007,-0.0020754365095690466
07/09/2007,-0.0014355907810265011
07/06/2007,-0.005824228638521615
07/05/2007,0.004134238005675153
07/03/2007,-0.013459332322856576
07/02/2007,-0.007411084918171995
06/29/2007,-0.014480156426756041
06/28/2007,0.004419394970440049
06/27/2007,0.0024380230297357487
06/26/2007,0.007543417551253463
06/25/2007,-0.005355886074206882
06/22/2007,-0.0046263306670084525
06/21/2007,-0.02070554793566649
06/20/2007,-0.008052752864635379
06/19/2007,0.008510359956368932
06/18/2007,0.0017304379087284556
06/15/2007,-0.01807066109714228
06/14/2007,-0.006028966174149356
06/13/2007,0.00477285702314853
06/12/2007,-0.0009302246811246536
06/11/2007,0.013015841068801567
06/08/2007,0.008115845805941732
06/07/2007,-0.0008340623674804822
06/06/2007,0.0061933622944557775
06/05/2007,0.0011385093364164084
06/04/2007,-0.022685213099305292
06/01/2007,-0.013154037534511356
05/31/2007,-0.00497598176189099
05/30/2007,0.0013857606785663175
05/29/2007,-0.02304450254927933
05/25/2007,-0.007370007250111789
05/24/2007,-0.019006430039329156
05/23/2007,-0.0007590011845092623
05/22/2007,0.003987579148020901
05/21/2007,-0.01105367098155289
05/18/2007,-0.0005949324760488315
05/17/2007,0.001360763398490995
05/16/2007,0.0035034599351293117
05/15/2007,-0.03091345189290873
05/14/2007,0.008253305340117062
05/11/2007,0.010741024946451613
05/10/2007,-0.011291052318278053
05/09/2007,0.01685916474788965
05/08/2007,-0.005199828158942036
05/07/2007,0.0009854089738013563
05/04/2007,0.00823936841121727
05/03/2007,0.004478672708561364
05/02/2007,-0.01574287762195272
05/01/2007,0.0069131421742758695
04/30/2007,0.005074651614919082
04/27/2007,0.016186501918944603
04/26/2007,0.004530172931864239
04/25/2007,-0.006629497020427086
04/24/2007,-0.0009623647816247901
04/23/2007,0.0032458227518567867
04/20/2007,0.007096987734749451
04/19/2007,-0.022446572599857044
04/18/2007,0.00924414345425216
04/17/2007,-0.0067435208044883625
04/16/2007,0.0031091285643175728
04/13/2007,-0.01682584664631281
04/12/2007,0.0023590361997415316
04/11/2007,-0.006119121574509679
04/10/2007,0.004240855729714344
04/09/2007,0.003665589252035943
04/05/2007,0.007048147481827994
04/04/2007,-0.0010391903807222904
04/03/2007,0.0033544131072141725
04/02/2007,-0.0297714674794643
03/30/2007,-0.0008069329986393826
03/29/2007,0.006024097359499178
03/28/2007,0.0020827374532071162
03/27/2007,0.003767249818039769
03/26/2007,0.00297658048790221
03/23/2007,-0.006817228746496949
03/22/2007,0.00045474188755185253
03/21/2007,-0.011882120638437313
03/20/2007,-0.024685115710250626
03/19/2007,0.004379268534449254
03/16/2007,-0.014265582857011514
03/15/2007,0.012112916854811275
03/14/2007,0.004056597309105559
03/13/2007,-0.011093764545756318
03/12/2007,0.026454200314068102
03/09/2007,-0.003936248839364804
03/08/2007,0.0038855998071089166
03/07/2007,0.0020232219444812163
03/06/2007,0.004191894415923195
03/05/2007,-0.03628021594942322
03/02/2007,-0.0051479348364203105
03/01/2007,0.02176979540917199
02/28/2007,0.002721840895378408
02/27/2007,-0.0015129561940873835
02/26/2007,0.03600956904133931
02/23/2007,0.012238359351343465
02/22/2007,0.011113020948128166
02/21/2007,2.098551822118454e-05
02/20/2007,-0.007901445559274625
02/16/2007,-0.004575331773466682
02/15/2007,-0.018023541655023182
02/14/2007,0.009664731848753137
02/13/2007,-0.014658810482480513
02/12/2007,-0.0017643210199617017
02/09/2007,0.007855266586460742
02/08/2007,0.019788255089078974
02/07/2007,-0.002165495288501326
02/06/2007,0.0031276527754371193
02/05/2007,-0.009162692308572584
02/02/2007,0.03069615862464221
02/01/2007,0.0005191844364198025
01/31/2007,0.04099641043153467
01/30/2007,-0.014317069468963545
01/29/2007,-0.0037425493344405893
01/26/2007,0.006843070563529025
01/25/2007,-0.015629999730006654
01/24/2007,0.02249584276764291
01/23/2007,-0.04011463180102022
01/22/2007,0.0037365810491519595
01/19/2007,0.018530034175959272
01/18/2007,-0.003920332430769098
01/17/2007,0.019371486356660163
01/16/2007,0.014076550401465241
01/12/2007,0.0014277862853766575
01/11/2007,-0.010455449032554099
01/10/2007,-0.02053148234407625
01/09/2007,-0.00809056773012781
01/08/2007,-0.003954646377029639
01/05/2007,0.0074651063364527676
01/04/2007,-0.008066646389322875
01/03/2007,-0.032425600396916214
12/29/2006,-0.01520559615049099
12/28/2006,0.004516961129304127
12/27/2006,0.011825517441426181
12/26/2006,-0.02243444563721007
12/22/2006,-0.004262017132755108
12/21/2006,0.0013608813063226562
12/20/2006,0.014686558403061496
12/19/2006,0.012378449853324862
12/18/2006,-0.012440514634331367
12/15/2006,0.03781333848073147
12/14/2006,0.0037892922411094853
12/13/2006,-0.006492166966215986
12/12/2006,0.005824799045605315
12/11/2006,0.004462609708706558
12/08/2006,0.00037194119355187606
12/07/2006,-0.0030364958417992347
12/06/2006,0.012576660603641836
12/05/2006,-0.0034990062525165743
12/04/2006,-0.004414776472584284
12/01/2006,-0.008353109096481282
11/30/2006,0.008340268494219628
11/29/2006,-0.000330008778582024
11/28/2006,0.010007198388815978
11/27/2006,-0.009703793873452812
11/24/2006,0.04177410474099213
11/22/2006,0.005960435449086581
11/21/2006,0.00322823071641421
11/20/2006,-0.028647092713781568
11/17/2006,0.007554812446343867
11/16/2006,-0.005794029823860495
11/15/2006,-0.008005636659876312
11/14/2006,-0.005346286737565526
11/13/2006,-0.0169017320060495
11/10/2006,-0.015549944635968415
11/09/2006,-0.0019427716291547195
11/08/2006,0.005014483987471139
11/07/2006,-0.005115796704740549
11/06/2006,0.009268472806483262
11/03/2006,-0.010797773541373784
11/02/2006,-0.00400591962977505
11/01/2006,-0.005128640473798236
10/31/2006,0.019016059506720237
10/30/2006,0.00037782804175782737
10/27/2006,-0.002874738827185565
10/26/2006,0.020833344567882165
10/25/2006,0.0030921829746793114
10/24/2006,-0.02731199256346758
10/23/2006,0.015782476116364047
10/20/2006,-0.04390779284718083
10/19/2006,-0.07311767980420526
10/18/2006,-0.01584283800050477
10/17/2006,0.0031718259603416496
10/16/2006,0.00263886229174051
10/13/2006,0.013159433225584284
10/12/2006,0.00032768463248656336
10/11/2006,-0.002199147096273273
10/10/2006,0.000351713005642189
10/09/2006,0.005508007871100443
10/06/2006,-0.01981352657419186
10/05/2006,-0.020665903575085055
10/04/2006,0.009446141635819194
10/03/2006,-0.028049064952748292
10/02/2006,-0.006435033460827253
09/29/2006,0.0011458717532673753
09/28/2006,0.00418017287925547
09/27/2006,-0.0016353540743045175
09/26/2006,0.009803413054270307
09/25/2006,-0.007103016104487011
09/22/2006,-0.0004950627626276093
09/21/2006,0.007603144446526086
09/20/2006,-0.024210360834430057
09/19/2006,0.01715359516337827
09/18/2006,0.02694340099111141
09/15/2006,-0.011599061727961088
09/14/2006,-0.014394442596505626
09/13/2006,0.006411196083884886
09/12/2006,-0.03608231426927869
09/11/2006,-0.01992859589944523
09/08/2006,-0.01624613305143758
09/07/2006,0.0016937785880240528
09/06/2006,0.004359405777129719
09/05/2006,0.011101206399117098
09/01/2006,-0.014985961699987737
08/31/2006,-0.00018487533811853478
08/30/2006,0.005864766074749965
08/29/2006,-0.004727498639194455
08/28/2006,0.0052777161455993685
08/25/2006,-0.02018637933912206
08/24/2006,0.00125922077761598
08/23/2006,-0.0008027431182167245
08/22/2006,0.0130145054870966
08/21/2006,-0.0026170273706513526
08/18/2006,0.016061445299579438
08/17/2006,0.006364746929193017
08/16/2006,0.004976700012848977
08/15/2006,-0.017409464865830178
08/14/2006,-0.030291132350738402
08/11/2006,-0.0025173523896663682
08/10/2006,0.015468104470710453
08/09/2006,0.00732228373537693
08/08/2006,0.010770921113877925
08/07/2006,-0.008005233103580749
08/04/2006,-0.010847987649119022
08/03/2006,0.004119277312062247
08/02/2006,-0.021737361349041265
08/01/2006,0.02254718705282449
07/31/2006,0.02953315691672956
07/28/2006,0.003931686139656417
07/27/2006,-0.014737706411540258
07/26/2006,0.008106735527531737
07/25/2006,0.01001295834444543
07/24/2006,0.003955182343599808
07/21/2006,-0.0020209717773434018
07/20/2006,-0.007664468758958863
07/19/2006,0.03068814699842471
07/18/2006,0.01015038837428273
07/17/2006,0.012008442489579224
07/14/2006,-0.010762754580108778
07/13/2006,0.013209401788829374
07/12/2006,0.02059541484449825
07/11/2006,0.01751942474005925
07/10/2006,-0.014980193337814857
07/07/2006,0.00538021976742583
07/06/2006,0.006516828443810621
07/05/2006,-0.004088006043485302
07/03/2006,0.00412848016360867
06/30/2006,-0.009144568852648463
06/29/2006,-0.0036248774264711616
06/28/2006,-0.028003165244744967
06/27/2006,-0.009332451332825764
06/26/2006,0.004722631011301797
06/23/2006,0.0015832820299629695
06/22/2006,-0.012127641104700018
06/21/2006,0.005450716657965661
06/20/2006,-0.037201917501742524
06/19/2006,0.0025053370760676897
06/16/2006,0.00659557145910858
06/15/2006,0.0007678761115532696
06/14/2006,-0.016905396304326782
06/13/2006,0.005541232163557662
06/12/2006,-0.012884178291026697
06/09/2006,0.013183452279428156
06/08/2006,0.017409513171233286
06/07/2006,-0.01726418364395007
06/06/2006,0.00900365971037562
06/05/2006,-0.03987284141960196
06/02/2006,0.013353259340658077
06/01/2006,0.008380759575995468
05/31/2006,-0.028226446568917193
05/30/2006,0.00032277901728333056
05/26/2006,0.025299742923705966
05/25/2006,0.00430052078108457
05/24/2006,-0.004543166397950382
05/23/2006,-0.01487214830034172
05/22/2006,-0.01232757719252465
05/19/2006,-0.002507123534848258
05/18/2006,0.002621543207403983
05/17/2006,0.009461156214357957
05/16/2006,-0.008544724297601612
05/15/2006,0.013196823518987162
05/12/2006,-0.00550235094910316
05/11/2006,0.03439977788770658
05/10/2006,0.04129197127665654
05/09/2006,0.014442429928503345
05/08/2006,-0.03429550898542155
05/05/2006,-0.0012158739272990777
05/04/2006,0.0011412954679933711
05/03/2006,-0.0014693259997016859
05/02/2006,0.0015983162607467673
05/01/2006,0.010384997280950927
04/28/2006,0.04773126783494029
04/27/2006,0.005000761778050081
04/26/2006,0.014141841550138779
04/25/2006,0.0027936022099988756
04/24/2006,0.03122953408915157
04/21/2006,-0.007718494219379249
04/20/2006,-0.050560538640848016
04/19/2006,-0.010843348867877908
04/18/2006,-0.0152497170966776
04/17/2006,0.006382364434897575
04/13/2006,-0.011454720199652744
04/12/2006,0.016883836284609773
04/11/2006,0.0017361243611374885
04/10/2006,0.01640387133932196
04/07/2006,-0.02454485866891361
04/06/2006,0.012359656858311597
04/05/2006,-0.007758191734893821
04/04/2006,-0.008946253843087337
04/03/2006,-0.03620722106478585
03/31/2006,0.0007698465627038203
03/30/2006,-0.003999984045627267
03/29/2006,0.016836541568373244
03/28/2006,-0.04501490777373591
03/27/2006,-0.019909882343320227
03/24/2006,-0.010522284896284833
03/23/2006,-0.06536357162438879
03/22/2006,-0.004884686372954731
03/21/2006,-0.0008817211658496432
03/20/2006,0.024329216617094102
03/17/2006,-0.024124728636001617
03/16/2006,-0.003001892997030487
03/15/2006,0.01691417349529313
03/14/2006,0.019332370833073702
03/13/2006,-0.04015268056761594
03/10/2006,0.0013054020379013001
03/09/2006,0.016296293835680393
03/08/2006,0.031720159490606185
03/07/2006,0.029868851237786997
03/06/2006,0.010015124536217359
03/03/2006,0.02738386416045205
03/02/2006,-0.0045745445608806985
03/01/2006,-0.03094703183607892
02/28/2006,-0.005975839040441333
02/27/2006,0.07655389588562606
02/24/2006,-0.03324962654362602
02/23/2006,0.0017753370371048627
02/22/2006,-0.03327425483481205
02/21/2006,0.003009644513639665
02/17/2006,0.005892092196191585
02/16/2006,-0.0062101256564378055
02/15/2006,-0.06570976994084647
02/14/2006,0.0027454975309333706
02/13/2006,0.006932248272830486
02/10/2006,0.048915275710437786
02/09/2006,-0.01058987235746567
02/08/2006,0.028737034697975554
02/07/2006,-0.0031429578719059624
02/06/2006,0.046694933823215275
02/03/2006,-0.009218386147930044
02/02/2006,0.03797673512519248
02/01/2006,0.01449349136542451
01/31/2006,0.07685796069413842
01/30/2006,-0.013497934041908586
01/27/2006,0.0156272436684687
01/26/2006,0.0017993076081882636
01/25/2006,-0.002924453894304201
01/24/2006,0.023163993392393986
01/23/2006,-0.03505407779023175
01/20/2006,-0.06559059839529414
01/19/2006,0.092599997649486
01/18/2006,0.019383661381573044
01/17/2006,0.04989772250403566
01/13/2006,-0.001841090245395081
01/12/2006,-0.00561933485967404
01/11/2006,0.017255135483154542
01/10/2006,-0.003964953381681563
01/09/2006,-0.0060881774482211045
01/06/2006,-0.0026558419529202496
01/05/2006,-0.030966797222929925
01/04/2006,-0.013296706137138016
01/03/2006,-0.022482267746106316
12/30/2005,-0.04680279630207409
12/29/2005,0.01275125457876598
12/28/2005,0.01556583665916985
12/27/2005,-0.004804383735005864
12/23/2005,0.01481254452060299
12/22/2005,0.00257584525388418
12/21/2005,-0.01321639753404482
12/20/2005,0.007998528798067794
12/19/2005,-0.011960752892685554
12/16/2005,0.013071104534520301
12/15/2005,-0.01766819384979379
12/14/2005,-0.008496050528297432
12/13/2005,-0.003508678589969903
12/12/2005,-0.011688923414951506
12/09/2005,-0.008264493686478896
12/08/2005,0.003543485083730907
12/07/2005,-0.015658070849220676
12/06/2005,0.0007916806369018318
12/05/2005,0.003238187542583393
12/02/2005,0.02919799492132647
12/01/2005,-0.008642586250238572
11/30/2005,-0.022169024627807586
11/29/2005,-0.003383503128587261
11/28/2005,0.049412697483400304
11/25/2005,0.012137560404649247
11/23/2005,-0.013438486772759413
11/22/2005,-0.015111414046608969
11/21/2005,-0.017072021422108657
11/18/2005,-0.02235199563707947
11/17/2005,0.008095762798087299
11/16/2005,-0.013136709831389424
11/15/2005,-0.013437130499263053
11/14/2005,0.010616065762324444
11/11/2005,-0.0165503848256838
11/10/2005,0.0017930382249460627
11/09/2005,-0.03055481934588648
11/08/2005,0.0283529284169669
11/07/2005,0.013157209262280208
11/04/2005,-0.01164468876249554
11/03/2005,-0.01147457358020217
11/02/2005,-0.016245615059421507
11/01/2005,-0.0007901632914321494
10/31/2005,-0.019083738203177627
10/28/2005,-0.03753967370931119
10/27/2005,-0.01426695243920096
10/26/2005,0.0067410967570988665
10/25/2005,-0.023998398628053464
10/24/2005,0.005015673264798907
10/21/2005,-0.025096774125754107
10/20/2005,-0.10797294377390719
10/19/2005,0.018139838441652168
10/18/2005,-0.017557464337450337
10/17/2005,0.005671278172169354
10/14/2005,-0.029049147525900168
10/13/2005,0.0043897832981761855
10/12/2005,0.011867927753096807
10/11/2005,0.01704488207367321
10/10/2005,0.014864455280791628
10/07/2005,0.007532617527895074
10/06/2005,-0.0007668019485996394
10/05/2005,-0.006522776664618607
10/04/2005,0.0009333243092824467
10/03/2005,0.02469448567241244
09/30/2005,-0.006966204471263468
09/29/2005,-0.021614091672122693
09/28/2005,-0.011691732208204584
09/27/2005,0.025947680373015144
09/26/2005,0.0010830511891785684
09/23/2005,0.0034363975279840687
09/22/2005,-0.012652197857134926
09/21/2005,0.0017021374709291566
09/20/2005,-0.01279255257795601
09/19/2005,-0.013380529242683207
09/16/2005,-0.01181738765516961
09/15/2005,0.008061243862200026
09/14/2005,0.0012557696330198626
09/13/2005,0.02864685220901645
09/12/2005,-0.006224379889633947
09/09/2005,-0.03438367489187969
09/08/2005,-0.012370871920302893
09/07/2005,-0.0017603121008345273
09/06/2005,-0.026316664058284315
09/02/2005,0.0046671808640959865
09/01/2005,-0.007627034122501812
08/31/2005,-0.0008733181427306154
08/30/2005,0.004440561348912778
08/29/2005,0.004107650616527242
08/26/2005,-0.016883420644071633
08/25/2005,-0.003491062004028165
08/24/2005,-7.078080766543343e-05
08/23/2005,-0.010581399326299867
08/22/2005,-0.01992272284707136
08/19/2005,0.021860478063704555
08/18/2005,-3.566413927465095e-05
08/17/2005,0.018250630168776448
08/16/2005,0.001929135375756892
08/15/2005,-0.005776269942669683
08/12/2005,0.0201408390437816
08/11/2005,-0.0195706422317322
08/10/2005,0.0057383825295764645
08/09/2005,0.020617495990225335
08/08/2005,-0.0010974418442543249
08/05/2005,0.0037768067241399565
08/04/2005,0.01840254224178384
08/03/2005,-0.0014441971768640288
08/02/2005,0.006357190691593049
08/01/2005,-0.025335082489062313
07/29/2005,-0.013202597829620534
07/28/2005,0.019947187251094088
07/27/2005,0.011686592103491093
07/26/2005,-0.00282902272890728
07/25/2005,-0.0008105689520467565
07/22/2005,0.02213960641050096
07/21/2005,0.03816141924190477
07/20/2005,-0.006179571732670739
07/19/2005,-0.006730687097572925
07/18/2005,-0.03343016303654762
07/15/2005,0.005508417896199409
07/14/2005,-0.0009960795523879776
07/13/2005,-0.006746587024517367
07/12/2005,-0.023690010926911354
07/11/2005,0.005380696672553973
07/08/2005,0.009817686453911904
07/07/2005,-0.0023293256232508855
07/06/2005,-0.013602169629471184
07/05/2005,0.014372916272332432
07/01/2005,-0.015082289804491689
06/30/2005,0.009957047157145323
06/29/2005,-0.004861438358727334
06/28/2005,0.03170259781408279
06/27/2005,0.006953656722338467
06/24/2005,-0.022525522542991335
06/23/2005,-0.025365846279539042
06/22/2005,-0.0014151354040334541
06/21/2005,-0.005046698868707266
06/20/2005,-0.003960529786820813
06/17/2005,-0.02232298061378144
06/16/2005,-0.010203404204034204
06/15/2005,-0.00951551652739702
06/14/2005,0.01291847992571563
06/13/2005,0.015807458208457335
06/10/2005,-0.0008842345867193767
06/09/2005,0.01348673895161864
06/08/2005,-0.023575843498477807
06/07/2005,0.04850481949382644
06/06/2005,-0.007437281885373672
06/03/2005,-0.03670856338134268
06/02/2005,0.027260441352165533
06/01/2005,0.00034727928677145823
05/31/2005,-0.03725687202195628
05/27/2005,-0.04064637676546744
05/26/2005,-0.02556387119222968
05/25/2005,0.006211364198986357
05/24/2005,-0.018442487439814175
05/23/2005,-0.0021484238160042416
05/20/2005,-0.054178947296236804
05/19/2005,-0.010057478788497555
05/18/2005,-8.362717237085635e-05
05/17/2005,-0.025213286168384592
05/16/2005,-0.008922070944703812
05/13/2005,-0.007833789829865774
05/12/2005,-0.0022683327113991797
05/11/2005,0.011236406870678476
05/10/2005,-0.015089249890153774
05/09/2005,-0.007813903259624777
05/06/2005,0.008848803763179605
05/05/2005,-0.004561008566564466
05/04/2005,0.006696642341823311
05/03/2005,-0.01010941660138926
05/02/2005,-0.01724214766442934
04/29/2005,-0.010301856932187044
04/28/2005,-0.002499984097777293
04/27/2005,0.001503746160160169
04/26/2005,-0.004686501031345266
04/25/2005,0.021851405584154535
04/22/2005,-0.03453677423582207
04/21/2005,-0.05370458711688205
04/20/2005,-0.029967717291664083
04/19/2005,-0.033821261300694634
04/18/2005,-0.023145296945711654
04/15/2005,-0.010536464097525894
04/14/2005,0.0348648903336548
04/13/2005,0.00773046745161384
04/12/2005,0.005338730239389092
04/11/2005,-0.0037636111460384735
04/08/2005,-0.006106736821259603
04/07/2005,0.008903917374011847
04/06/2005,-0.02343101604538877
04/05/2005,-0.0034352088781064113
04/04/2005,-0.01739404549495611
04/01/2005,-0.028333939853255486
03/31/2005,0.002610534942828437
03/30/2005,-0.00033243500612256167
03/29/2005,-0.004876672850093954
03/28/2005,0.010302405495216884
03/24/2005,-0.011961195256135622
03/23/2005,-0.0015063055183367916
03/22/2005,-0.0021231700363866166
03/21/2005,0.012765956731315696
03/18/2005,-0.004643906085771899
03/17/2005,-0.0041657851036003305
03/16/2005,-0.020581203874951628
03/15/2005,0.017141252548740667
03/14/2005,-0.0202675898619727
03/11/2005,0.016058016552858406
03/10/2005,0.01226097942290908
03/09/2005,0.007611947432450445
03/08/2005,0.021229719600476326
03/07/2005,0.01949239789390832
03/04/2005,-0.015412266987308543
03/03/2005,0.005970924894159688
03/02/2005,-0.009785567661455812
03/01/2005,0.004752098439503179
02/28/2005,0.010372991462699372
02/25/2005,-0.01127715456165662
02/24/2005,0.01624785998721119
02/23/2005,0.026788090675386712
02/22/2005,-0.013302361687117471
02/18/2005,0.03438361312534749
02/17/2005,-0.00025254790352111447
02/16/2005,0.0025770116170426016
02/15/2005,-0.016027395135802956
02/14/2005,-0.011473615406786562
02/11/2005,-0.02896528689074863
02/10/2005,0.0030949863754727697
02/09/2005,0.01915100731059989
02/08/2005,0.03685141889599263
02/07/2005,-0.013139332362953558
02/04/2005,0.04249347280484284
02/03/2005,0.031806667550042744
02/02/2005,-0.023238217895342472
02/01/2005,-0.06826566475852942
01/31/2005,0.019385137918004263
01/28/2005,-0.02699111304722265
01/27/2005,-0.011873551736842928
01/26/2005,0.006167603715279069
01/25/2005,-0.06404564289936424
01/24/2005,0.020325238769346773
01/21/2005,0.041832665637434534
01/20/2005,0.02995541006759493
01/19/2005,0.017429819942034262
01/18/2005,0.03345156680686427
01/14/2005,-0.019274102333525816
01/13/2005,-0.023203517218671872
01/12/2005,0.00025601737166883887
01/11/2005,-0.00941755027126705
01/10/2005,0.00785369358844106
01/07/2005,-0.006203264040470624
01/06/2005,-0.027340746335445257
01/05/2005,0.02630604451782189
01/04/2005,0.005115980117507863
01/03/2005,0.04221084863968714
12/31/2004,-0.04893694931577028
12/30/2004,0.02494943268437138
12/29/2004,-0.023785432161518558
12/28/2004,-0.0007257004310613268
12/27/2004,-0.004409658006733445
12/23/2004,-0.02089521721443747
12/22/2004,-0.008515165907236173
12/21/2004,-0.013687617308349023
12/20/2004,0.0069115678164449815
12/17/2004,-0.026699820042124088
12/16/2004,-0.020046603119357083
12/15/2004,0.018756711940959105
12/14/2004,-0.006063005052296351
12/13/2004,-0.046113380478828715
12/10/2004,0.0070402393572854575
12/09/2004,0.010369887200878738
12/08/2004,-0.019892756561906776
12/07/2004,0.00853047498118405
12/06/2004,0.0283497096369302
12/03/2004,0.023313931640099334
12/02/2004,-0.005543299677301341
12/01/2004,0.003121507769939672
11/30/2004,0.011224775507104217
11/29/2004,-0.005110459701327236
11/26/2004,-0.009168779221768269
11/24/2004,-0.025809641291622692
11/23/2004,-0.04142825703532069
11/22/2004,-0.014446056685853362
11/19/2004,0.02604487215250992
11/18/2004,-0.010979946199712527
11/17/2004,0.02960480141715634
11/16/2004,0.00023191825632950708
11/15/2004,0.0714617405096584
11/12/2004,-0.01552442318227263
11/11/2004,0.005604391192315381
11/10/2004,-0.08283250148894516
11/09/2004,0.005004204240478219
11/08/2004,0.022821537665742252
11/05/2004,-0.018545345233836764
11/04/2004,0.09064068677643751
11/03/2004,0.037736854646194425
11/02/2004,0.01669534798955971
11/01/2004,0.0059527012042295884
10/29/2004,-0.027495798748432974
10/28/2004,0.013953025770970072
10/27/2004,-0.03792033137071729
10/26/2004,-0.02242300726256361
10/25/2004,0.030803074626329207
10/22/2004,-0.07988258214961894
10/21/2004,-0.13367744422675298
10/20/2004,-0.05951261259873963
10/19/2004,0.05302868272917961
10/18/2004,0.008246550378915224
10/15/2004,-0.033856264348162544
10/14/2004,-0.014641539875053062
10/13/2004,-0.007746542167861997
10/12/2004,-0.024840259779877787
10/11/2004,-0.015575037510479195
10/08/2004,0.018261181675351238
10/07/2004,0.008131830070799352
10/06/2004,-0.012747506112037227
10/05/2004,0.009410478780787072
10/04/2004,-0.023921364083569735
10/01/2004,-0.018362160123236177
09/30/2004,-0.022476993989978558
09/29/2004,0.011419737309941039
09/28/2004,-0.03219405352038757
09/27/2004,-0.06779128496802675
09/24/2004,0.013275796726825426
09/23/2004,0.008261731979181845
09/22/2004,-0.020195310158182208
09/21/2004,-0.004561602674145076
09/20/2004,0.012898878786787287
09/17/2004,-0.015666930848800196
09/16/2004,-0.029959966543534253
09/15/2004,-0.01728527340181009
09/14/2004,-0.004553559056539096
09/13/2004,-0.035787937192435906
09/10/2004,-0.020186121236660998
09/09/2004,-0.028671773592255978
09/08/2004,-9.77418922513529e-05
09/07/2004,-0.007038104159714452
09/03/2004,-0.015455815474806707
09/02/2004,0.014998499653589244
09/01/2004,-0.012412556374318871
08/31/2004,0.021147114675621234
08/30/2004,-0.003516665335848314
08/27/2004,0.04058428470531105
08/26/2004,0.016580284711258584
08/25/2004,-0.017699887516398075
08/24/2004,-0.010660442597990838
08/23/2004,0.043196356507362414
08/20/2004,-0.00996344672594579
